#mem-trace-alloc-events,v1
ALLOC,0,0x7f9f0f600000,176
ALLOC,0,0x7f9f0f600200,176
ALLOC,0,0x7f9f0f600400,48000
ALLOC,0,0x7f9f0f60c000,24000
ALLOC,0,0x7f9f0f611e00,4
ALLOC,0,0x7f9f0f612000,4
ALLOC,0,0x7f9f0f612200,4
ALLOC,0,0x7f9f0f612400,8
ALLOC,0,0x7f9f0f612600,108000
ALLOC,0,0x7f9f0c000000,4800000
ALLOC,0,0x7f9f0f62cc00,1280
ALLOC,0,0x7f9f0f62d200,2052
ALLOC,0,0x7f9f0ca00000,2880000
ALLOC,0,0x7f9f0d400000,5760000
ALLOC,0,0x7f9f0f62dc00,960000
ALLOC,0,0x7f9f0f718200,480000
ALLOC,0,0x7f9f0f78d600,1280
ALLOC,0,0x7f9f0f78dc00,36000
ALLOC,0,0x7f9f0f796a00,480
ALLOC,0,0x7f9f0f796c00,36000
ALLOC,0,0x7f9f0f79fa00,108000
ALLOC,0,0x7f9f0f7ba000,36000
ALLOC,0,0x7f9f0da00000,4362240
ALLOC,0,0x7f9f0f7c2e00,61440
ALLOC,0,0x7f9f0f7d1e00,480
ALLOC,0,0x7f9f0f7d2000,108000
ALLOC,0,0x7f9f0f7ec600,36000
ALLOC,0,0x7f9f0e000000,4362240
ALLOC,0,0x7f9f0fe00000,61440
ALLOC,0,0x7f9f0f7f5400,480
ALLOC,0,0x7f9f0f7f5600,4
ALLOC,0,0x7f9f0f7f5800,400
ALLOC,0,0x7f9f0fe0f000,57600
FREE,0,0x0
ALLOC,0,0x7f9f0f7f5a00,1024
ALLOC,0,0x7f9f0fe1d200,131072
ALLOC,0,0x7f9f0e600000,8388608
FREE,0,0x0
ALLOC,0,0x7f9f0f7f5e00,1024
ALLOC,0,0x7f9f0fe3d200,131072
ALLOC,0,0x7f9f10c00000,8388608
FREE,0,0x0
ALLOC,0,0x7f9f0f7f6200,1024
ALLOC,0,0x7f9f0fe5d200,131072
ALLOC,0,0x7f9f11400000,8388608
FREE,0,0x0
ALLOC,0,0x7f9f0f7f6600,1024
ALLOC,0,0x7f9f0fe7d200,131072
ALLOC,0,0x7f9f06000000,8388608
ALLOC,0,0x7f9f06800000,4194304
FREE,0,0x0
FREE,0,0x0
ALLOC,0,0x7f9f0f7f6a00,1024
ALLOC,0,0x7f9f0fe9d200,131072
ALLOC,0,0x7f9f06c00000,8388608
ALLOC,0,0x7f9f0f7f6e00,4
ALLOC,0,0x7f9f0f7f7000,12
ALLOC,0,0x7f9f0f7f7200,264
ALLOC,0,0x7f9f0febd200,800000
ALLOC,0,0x7f9f07600000,800000
ALLOC,0,0x7f9f076c3600,1228800
ALLOC,0,0x7f9f07800000,1228800
ALLOC,0,0x7f9f0ff80800,368640
ALLOC,0,0x7f9f0ffda800,122880
ALLOC,0,0x7f9f0fff8800,30720
ALLOC,0,0x7f9f0f7f7400,15360
ALLOC,0,0x7f9f0f7fb000,7680
ALLOC,0,0x7f9f07a00000,1228800
ALLOC,0,0x7f9f0792c000,368640
ALLOC,0,0x7f9f07986000,122880
ALLOC,0,0x7f9f077ef600,30720
ALLOC,0,0x7f9f077f6e00,15360
ALLOC,0,0x7f9f0f7fce00,7680
ALLOC,0,0x7f9f07c00000,1228800
ALLOC,0,0x7f9f079a4000,368640
ALLOC,0,0x7f9f07b2c000,122880
ALLOC,0,0x7f9f07b4a000,30720
ALLOC,0,0x7f9f077faa00,15360
ALLOC,0,0x7f9f079fe000,7680
ALLOC,0,0x7f9f07b51800,491520
ALLOC,0,0x7f9f07e00000,1228800
ALLOC,0,0x7f9f0ee00000,1228800
ALLOC,0,0x7f9f07d2c000,368640
ALLOC,0,0x7f9f07bc9800,122880
ALLOC,0,0x7f9f07be7800,30720
ALLOC,0,0x7f9f07bef000,15360
ALLOC,0,0x7f9f07bf2c00,7680
ALLOC,0,0x7f9f0f000000,1228800
ALLOC,0,0x7f9f07d86000,368640
ALLOC,0,0x7f9f07de0000,122880
ALLOC,0,0x7f9f07bf4a00,30720
ALLOC,0,0x7f9f07bfc200,15360
ALLOC,0,0x7f9f07dfe000,7680
ALLOC,0,0x7f9f0f200000,1228800
ALLOC,0,0x7f9f07f2c000,368640
ALLOC,0,0x7f9f07f86000,122880
ALLOC,0,0x7f9f07fa4000,30720
ALLOC,0,0x7f9f07fab800,15360
ALLOC,0,0x7f9f07faf400,7680
ALLOC,0,0x7f9f0ef2c000,491520
ALLOC,0,0x7f9f11c00000,1228800
ALLOC,0,0x7f9f11e00000,1228800
ALLOC,0,0x7f9f0efa4000,368640
ALLOC,0,0x7f9f07fb1200,122880
ALLOC,0,0x7f9f07fcf200,30720
ALLOC,0,0x7f9f07fd6a00,15360
ALLOC,0,0x7f9f0effe000,7680
ALLOC,0,0x7f9f13c00000,1228800
ALLOC,0,0x7f9f0f12c000,368640
ALLOC,0,0x7f9f07fda600,122880
ALLOC,0,0x7f9f07ff8600,30720
ALLOC,0,0x7f9f0f186000,15360
ALLOC,0,0x7f9f0f189c00,7680
ALLOC,0,0x7f9f13e00000,1228800
ALLOC,0,0x7f9f0f18ba00,368640
ALLOC,0,0x7f9f0f32c000,122880
ALLOC,0,0x7f9f0f1e5a00,30720
ALLOC,0,0x7f9f0f1ed200,15360
ALLOC,0,0x7f9f0f1f0e00,7680
ALLOC,0,0x7f9f0f34a000,491520
ALLOC,0,0x7f9f02000000,1228800
ALLOC,0,0x7f9f02200000,1228800
ALLOC,0,0x7f9f11d2c000,368640
ALLOC,0,0x7f9f0f3c2000,122880
ALLOC,0,0x7f9f0f1f2c00,30720
ALLOC,0,0x7f9f0f1fa400,15360
ALLOC,0,0x7f9f0f1fe000,7680
ALLOC,0,0x7f9f02400000,1228800
ALLOC,0,0x7f9f11d86000,368640
ALLOC,0,0x7f9f0f3e0000,122880
ALLOC,0,0x7f9f11de0000,30720
ALLOC,0,0x7f9f11de7800,15360
ALLOC,0,0x7f9f0f3fe000,7680
ALLOC,0,0x7f9f02600000,1228800
ALLOC,0,0x7f9f11f2c000,368640
ALLOC,0,0x7f9f11f86000,122880
ALLOC,0,0x7f9f11deb400,30720
ALLOC,0,0x7f9f11df2c00,15360
ALLOC,0,0x7f9f11df6800,7680
ALLOC,0,0x7f9f13d2c000,491520
ALLOC,0,0x7f9f02800000,1228800
ALLOC,0,0x7f9f02a00000,1228800
ALLOC,0,0x7f9f11fa4000,368640
ALLOC,0,0x7f9f13da4000,122880
ALLOC,0,0x7f9f11df8600,30720
ALLOC,0,0x7f9f13dc2000,15360
ALLOC,0,0x7f9f11ffe000,7680
ALLOC,0,0x7f9f02c00000,1228800
ALLOC,0,0x7f9f13f2c000,368640
ALLOC,0,0x7f9f13dc5c00,122880
ALLOC,0,0x7f9f13de3c00,30720
ALLOC,0,0x7f9f13deb400,15360
ALLOC,0,0x7f9f13def000,7680
ALLOC,0,0x7f9f02e00000,1228800
ALLOC,0,0x7f9f13f86000,368640
ALLOC,0,0x7f9f13fe0000,122880
ALLOC,0,0x7f9f13df0e00,30720
ALLOC,0,0x7f9f13df8600,15360
ALLOC,0,0x7f9f13ffe000,7680
ALLOC,0,0x7f9f03000000,1228800
ALLOC,0,0x7f9f03200000,1228800
ALLOC,0,0x7f9f0212c000,368640
ALLOC,0,0x7f9f02186000,122880
ALLOC,0,0x7f9f021a4000,30720
ALLOC,0,0x7f9f13dfc200,15360
ALLOC,0,0x7f9f021ab800,7680
ALLOC,0,0x7f9f0232c000,491520
ALLOC,0,0x7f9f03400000,1228800
ALLOC,0,0x7f9f03600000,1228800
ALLOC,0,0x7f9f023a4000,368640
ALLOC,0,0x7f9f021ad600,122880
ALLOC,0,0x7f9f021cb600,30720
ALLOC,0,0x7f9f021d2e00,15360
ALLOC,0,0x7f9f023fe000,7680
ALLOC,0,0x7f9f03800000,1228800
ALLOC,0,0x7f9f0252c000,368640
ALLOC,0,0x7f9f021d6a00,122880
ALLOC,0,0x7f9f021f4a00,30720
ALLOC,0,0x7f9f021fc200,15360
ALLOC,0,0x7f9f02586000,7680
ALLOC,0,0x7f9f03a00000,1228800
ALLOC,0,0x7f9f02587e00,368640
ALLOC,0,0x7f9f025e1e00,122880
ALLOC,0,0x7f9f0272c000,30720
ALLOC,0,0x7f9f02733800,15360
ALLOC,0,0x7f9f02737400,7680
ALLOC,0,0x7f9f03c00000,1228800
ALLOC,0,0x7f9f03e00000,1228800
ALLOC,0,0x7f9f02739200,368640
ALLOC,0,0x7f9f02793200,122880
ALLOC,0,0x7f9f027b1200,30720
ALLOC,0,0x7f9f027b8a00,15360
ALLOC,0,0x7f9f027bc600,7680
ALLOC,0,0x7f9f0292c000,491520
ALLOC,0,0x7f9f00000000,1228800
ALLOC,0,0x7f9f00200000,1228800
ALLOC,0,0x7f9f029a4000,368640
ALLOC,0,0x7f9f027be400,122880
ALLOC,0,0x7f9f027dc400,30720
ALLOC,0,0x7f9f027e3c00,15360
ALLOC,0,0x7f9f029fe000,7680
ALLOC,0,0x7f9f00400000,1228800
ALLOC,0,0x7f9f02b2c000,368640
ALLOC,0,0x7f9f02b86000,122880
ALLOC,0,0x7f9f027e7800,30720
ALLOC,0,0x7f9f027ef000,15360
ALLOC,0,0x7f9f027f2c00,7680
ALLOC,0,0x7f9f00600000,1228800
ALLOC,0,0x7f9f02ba4000,368640
ALLOC,0,0x7f9f02d2c000,122880
ALLOC,0,0x7f9f027f4a00,30720
ALLOC,0,0x7f9f027fc200,15360
ALLOC,0,0x7f9f02bfe000,7680
ALLOC,0,0x7f9f00800000,1228800
ALLOC,0,0x7f9f00a00000,1228800
ALLOC,0,0x7f9f02d4a000,368640
ALLOC,0,0x7f9f02da4000,122880
ALLOC,0,0x7f9f02dc2000,30720
ALLOC,0,0x7f9f02dc9800,15360
ALLOC,0,0x7f9f02dcd400,7680
ALLOC,0,0x7f9f02f2c000,491520
ALLOC,0,0x7f9f00c00000,1228800
ALLOC,0,0x7f9f00e00000,1228800
ALLOC,0,0x7f9f02fa4000,368640
ALLOC,0,0x7f9f02dcf200,122880
ALLOC,0,0x7f9f02ded200,30720
ALLOC,0,0x7f9f02df4a00,15360
ALLOC,0,0x7f9f02ffe000,7680
ALLOC,0,0x7f9f01000000,1228800
ALLOC,0,0x7f9f0312c000,368640
ALLOC,0,0x7f9f03186000,122880
ALLOC,0,0x7f9f02df8600,30720
ALLOC,0,0x7f9f031a4000,15360
ALLOC,0,0x7f9f031a7c00,7680
ALLOC,0,0x7f9f01200000,1228800
ALLOC,0,0x7f9f0332c000,368640
ALLOC,0,0x7f9f031a9a00,122880
ALLOC,0,0x7f9f031c7a00,30720
ALLOC,0,0x7f9f031cf200,15360
ALLOC,0,0x7f9f031d2e00,7680
ALLOC,0,0x7f9f01400000,1228800
ALLOC,0,0x7f9f01600000,1228800
ALLOC,0,0x7f9f03386000,368640
ALLOC,0,0x7f9f033e0000,122880
ALLOC,0,0x7f9f031d4c00,30720
ALLOC,0,0x7f9f031dc400,15360
ALLOC,0,0x7f9f033fe000,7680
ALLOC,0,0x7f9f0352c000,491520
ALLOC,0,0x7f9f035a4000,160000
ALLOC,0,0x7f9f01800000,6568000
ALLOC,0,0x7f9efe200000,921600
ALLOC,18,0x7f9ef3400000,1228800
ALLOC,18,0x7f9ef3600000,1228800
ALLOC,18,0x7f9f031e0000,57600
ALLOC,18,0x7f9f031ee200,30720
ALLOC,18,0x7f9f035cb200,61440
ALLOC,18,0x302000000,58111
ALLOC,28,0x7f9f0372c000,737280
ALLOC,36,0x7f9efe2e1000,921600
ALLOC,56,0x7f9f0392c000,737280
ALLOC,90,0x7f9ef3a00000,921600
ALLOC,110,0x7f9f03b2c000,737280
FREE,200645,0x7f9f07600000
FREE,200645,0x7f9f0febd200
FREE,200645,0x302000000
FREE,200645,0x7f9f031e0000
FREE,200645,0x7f9f035cb200
FREE,200645,0x7f9f031ee200
FREE,200645,0x7f9ef3600000
FREE,200645,0x7f9ef3400000
FREE,200645,0x7f9f0f7f7200
FREE,200645,0x7f9f0f60c000
FREE,200645,0x7f9f0f600400
FREE,200645,0x7f9f0f600200
FREE,200645,0x7f9f0f600000
FREE,200645,0x7f9f0f7f7000
FREE,200645,0x7f9f0f7f6e00
FREE,200645,0x7f9f0f7f5a00
FREE,200645,0x7f9f0fe1d200
FREE,200645,0x7f9f0e600000
FREE,200645,0x7f9f0f7f5e00
FREE,200645,0x7f9f0fe3d200
FREE,200645,0x7f9f10c00000
FREE,200645,0x7f9f0f7f6200
FREE,200645,0x7f9f0fe5d200
FREE,200645,0x7f9f11400000
FREE,200645,0x7f9f0f7f6600
FREE,200645,0x7f9f0fe7d200
FREE,200645,0x7f9f06000000
FREE,200645,0x7f9f06800000
FREE,200645,0x7f9f0f7f6a00
FREE,200645,0x7f9f0fe9d200
FREE,200645,0x7f9f06c00000
FREE,200645,0x7f9f0fe0f000
FREE,200645,0x7f9f0f7f5800
FREE,200645,0x7f9f0f7f5600
FREE,200645,0x7f9f0f7f5400
FREE,200645,0x7f9f0fe00000
FREE,200645,0x7f9f0e000000
FREE,200645,0x7f9f0f7ec600
FREE,200645,0x7f9f0f7d2000
FREE,200645,0x7f9f0f7d1e00
FREE,200645,0x7f9f0f7c2e00
FREE,200645,0x7f9f0da00000
FREE,200645,0x7f9f0f7ba000
FREE,200645,0x7f9f0f79fa00
FREE,200645,0x7f9f0f796c00
FREE,200645,0x7f9f0f796a00
FREE,200645,0x7f9f0f78dc00
FREE,200645,0x7f9f0f78d600
FREE,200645,0x7f9f0f718200
FREE,200645,0x7f9f0f62dc00
FREE,200645,0x7f9f0d400000
FREE,200645,0x7f9f0ca00000
FREE,200645,0x7f9f0f62d200
FREE,200645,0x7f9f0f62cc00
FREE,200645,0x7f9f0c000000
FREE,200645,0x7f9f0f612600
FREE,200645,0x7f9f0f612400
FREE,200645,0x7f9f0f612200
FREE,200645,0x7f9f0f612000
FREE,200645,0x7f9f0f611e00
FREE,200645,0x7f9f0232c000
FREE,200645,0x7f9f021ab800
FREE,200645,0x7f9f13dfc200
FREE,200645,0x7f9f021a4000
FREE,200645,0x7f9f02186000
FREE,200645,0x7f9f0212c000
FREE,200645,0x7f9f03200000
FREE,200645,0x7f9f03000000
FREE,200645,0x7f9f13ffe000
FREE,200645,0x7f9f13df8600
FREE,200645,0x7f9f13df0e00
FREE,200645,0x7f9f13fe0000
FREE,200645,0x7f9f13f86000
FREE,200645,0x7f9f02e00000
FREE,200645,0x7f9f13def000
FREE,200645,0x7f9f13deb400
FREE,200645,0x7f9f13de3c00
FREE,200645,0x7f9f13dc5c00
FREE,200645,0x7f9f13f2c000
FREE,200645,0x7f9f02c00000
FREE,200645,0x7f9f11ffe000
FREE,200645,0x7f9f13dc2000
FREE,200645,0x7f9f11df8600
FREE,200645,0x7f9f13da4000
FREE,200645,0x7f9f11fa4000
FREE,200645,0x7f9f02a00000
FREE,200645,0x7f9efe200000
FREE,200645,0x7f9f0372c000
FREE,200645,0x7f9f02800000
FREE,200645,0x7f9f02f2c000
FREE,200645,0x7f9f02dcd400
FREE,200645,0x7f9f02dc9800
FREE,200645,0x7f9f02dc2000
FREE,200645,0x7f9f02da4000
FREE,200645,0x7f9f02d4a000
FREE,200645,0x7f9f00a00000
FREE,200645,0x7f9f00800000
FREE,200645,0x7f9f02bfe000
FREE,200645,0x7f9f027fc200
FREE,200645,0x7f9f027f4a00
FREE,200645,0x7f9f02d2c000
FREE,200645,0x7f9f02ba4000
FREE,200645,0x7f9f00600000
FREE,200645,0x7f9f027f2c00
FREE,200645,0x7f9f027ef000
FREE,200645,0x7f9f027e7800
FREE,200645,0x7f9f02b86000
FREE,200645,0x7f9f02b2c000
FREE,200645,0x7f9f00400000
FREE,200645,0x7f9f029fe000
FREE,200645,0x7f9f027e3c00
FREE,200645,0x7f9f027dc400
FREE,200645,0x7f9f027be400
FREE,200645,0x7f9f029a4000
FREE,200645,0x7f9f00200000
FREE,200645,0x7f9ef3a00000
FREE,200645,0x7f9f03b2c000
FREE,200645,0x7f9f00000000
FREE,200645,0x7f9f0352c000
FREE,200645,0x7f9f033fe000
FREE,200645,0x7f9f031dc400
FREE,200645,0x7f9f031d4c00
FREE,200645,0x7f9f033e0000
FREE,200645,0x7f9f03386000
FREE,200645,0x7f9f01600000
FREE,200645,0x7f9f01400000
FREE,200645,0x7f9f031d2e00
FREE,200645,0x7f9f031cf200
FREE,200645,0x7f9f031c7a00
FREE,200645,0x7f9f031a9a00
FREE,200645,0x7f9f0332c000
FREE,200645,0x7f9f01200000
FREE,200645,0x7f9f031a7c00
FREE,200645,0x7f9f031a4000
FREE,200645,0x7f9f02df8600
FREE,200645,0x7f9f03186000
FREE,200645,0x7f9f0312c000
FREE,200645,0x7f9f01000000
FREE,200645,0x7f9f02ffe000
FREE,200645,0x7f9f02df4a00
FREE,200645,0x7f9f02ded200
FREE,200645,0x7f9f02dcf200
FREE,200645,0x7f9f02fa4000
FREE,200645,0x7f9f00e00000
FREE,200645,0x7f9f00c00000
FREE,200645,0x7f9f07b51800
FREE,200645,0x7f9f079fe000
FREE,200645,0x7f9f077faa00
FREE,200645,0x7f9f07b4a000
FREE,200645,0x7f9f07b2c000
FREE,200645,0x7f9f079a4000
FREE,200645,0x7f9f07c00000
FREE,200645,0x7f9f0f7fce00
FREE,200645,0x7f9f077f6e00
FREE,200645,0x7f9f077ef600
FREE,200645,0x7f9f07986000
FREE,200645,0x7f9f0792c000
FREE,200645,0x7f9f07a00000
FREE,200645,0x7f9f0f7fb000
FREE,200645,0x7f9f0f7f7400
FREE,200645,0x7f9f0fff8800
FREE,200645,0x7f9f0ffda800
FREE,200645,0x7f9f0ff80800
FREE,200645,0x7f9f07800000
FREE,200645,0x7f9f076c3600
FREE,200645,0x7f9f0ef2c000
FREE,200645,0x7f9f07faf400
FREE,200645,0x7f9f07fab800
FREE,200645,0x7f9f07fa4000
FREE,200645,0x7f9f07f86000
FREE,200645,0x7f9f07f2c000
FREE,200645,0x7f9f0f200000
FREE,200645,0x7f9f07dfe000
FREE,200645,0x7f9f07bfc200
FREE,200645,0x7f9f07bf4a00
FREE,200645,0x7f9f07de0000
FREE,200645,0x7f9f07d86000
FREE,200645,0x7f9f0f000000
FREE,200645,0x7f9f07bf2c00
FREE,200645,0x7f9f07bef000
FREE,200645,0x7f9f07be7800
FREE,200645,0x7f9f07bc9800
FREE,200645,0x7f9f07d2c000
FREE,200645,0x7f9f0ee00000
FREE,200645,0x7f9f07e00000
FREE,200645,0x7f9f0f34a000
FREE,200645,0x7f9f0f1f0e00
FREE,200645,0x7f9f0f1ed200
FREE,200645,0x7f9f0f1e5a00
FREE,200645,0x7f9f0f32c000
FREE,200645,0x7f9f0f18ba00
FREE,200645,0x7f9f13e00000
FREE,200645,0x7f9f0f189c00
FREE,200645,0x7f9f0f186000
FREE,200645,0x7f9f07ff8600
FREE,200645,0x7f9f07fda600
FREE,200645,0x7f9f0f12c000
FREE,200645,0x7f9f13c00000
FREE,200645,0x7f9f0effe000
FREE,200645,0x7f9f07fd6a00
FREE,200645,0x7f9f07fcf200
FREE,200645,0x7f9f07fb1200
FREE,200645,0x7f9f0efa4000
FREE,200645,0x7f9f11e00000
FREE,200645,0x7f9f11c00000
FREE,200645,0x7f9f13d2c000
FREE,200645,0x7f9f11df6800
FREE,200645,0x7f9f11df2c00
FREE,200645,0x7f9f11deb400
FREE,200645,0x7f9f11f86000
FREE,200645,0x7f9f11f2c000
FREE,200645,0x7f9f02600000
FREE,200645,0x7f9f0f3fe000
FREE,200645,0x7f9f11de7800
FREE,200645,0x7f9f11de0000
FREE,200645,0x7f9f0f3e0000
FREE,200645,0x7f9f11d86000
FREE,200645,0x7f9f02400000
FREE,200645,0x7f9f0f1fe000
FREE,200645,0x7f9f0f1fa400
FREE,200645,0x7f9f0f1f2c00
FREE,200645,0x7f9f0f3c2000
FREE,200645,0x7f9f11d2c000
FREE,200645,0x7f9f02200000
FREE,200645,0x7f9f02000000
FREE,200645,0x7f9f0292c000
FREE,200645,0x7f9f027bc600
FREE,200645,0x7f9f027b8a00
FREE,200645,0x7f9f027b1200
FREE,200645,0x7f9f02793200
FREE,200645,0x7f9f02739200
FREE,200645,0x7f9f03e00000
FREE,200645,0x7f9f03c00000
FREE,200645,0x7f9f02737400
FREE,200645,0x7f9f02733800
FREE,200645,0x7f9f0272c000
FREE,200645,0x7f9f025e1e00
FREE,200645,0x7f9f02587e00
FREE,200645,0x7f9f03a00000
FREE,200645,0x7f9f02586000
FREE,200645,0x7f9f021fc200
FREE,200645,0x7f9f021f4a00
FREE,200645,0x7f9f021d6a00
FREE,200645,0x7f9f0252c000
FREE,200645,0x7f9f03800000
FREE,200645,0x7f9f023fe000
FREE,200645,0x7f9f021d2e00
FREE,200645,0x7f9f021cb600
FREE,200645,0x7f9f021ad600
FREE,200645,0x7f9f023a4000
FREE,200645,0x7f9f03600000
FREE,200645,0x7f9efe2e1000
FREE,200645,0x7f9f0392c000
FREE,200645,0x7f9f03400000
FREE,200645,0x7f9f01800000
FREE,200645,0x7f9f035a4000
